<core:FragmentDefinition xmlns="sap.m" xmlns:core="sap.ui.core" xmlns:f="sap.ui.layout.form"
	xmlns:l="sap.ui.layout">
	<Dialog title="Add to Cart" contentWidth="75%" class="sapUiSizeCompact">
		<beginButton>
			<Button text="Add To Cart" type="Emphasized" press="handleAddcartCancelPress"/>
		</beginButton>
		<endButton>
			<Button text="Cancel" press="onCloseCart"/>
		</endButton>
		<l:BlockLayout background="Light">
			<l:BlockLayoutRow>
				<l:BlockLayoutCell class="sapUiNoContentPadding">
					<Carousel id="welcomeCarousel" showPageIndicator="false" loop="true" pageChanged=".onCarouselPageChanged"
						visible="{=!${device>/system/phone}}" tooltip="{i18n>welcomeDescription}">
						<pages>
							<VBox renderType="Bare">
								<Image src="image/sofa-1.jpg" width="100%" height="50%"/>
							</VBox>
						</pages>
					</Carousel>
				</l:BlockLayoutCell>
			</l:BlockLayoutRow>
		</l:BlockLayout>
		<f:SimpleForm id="SimpleFormDisplay480_Trial" editable="false" layout="ResponsiveGridLayout" title="" labelSpanXL="4" labelSpanL="4"
			labelSpanM="4" labelSpanS="12" adjustLabelSpan="false" emptySpanXL="0" emptySpanL="0" emptySpanM="0" emptySpanS="0" columnsXL="3"
			columnsL="2" columnsM="2" singleContainerFullSize="false">
			<f:content>
			<core:Title text="Add to cart"/>
				<Label text="Product Name"/>
				<Text text="Hudson Sofa "></Text>
				<Label text="Select Type" labelFor="groupB"/>
				<RadioButtonGroup id="groupB" valueState="Success">
					<RadioButton text="Metal"/>
				</RadioButtonGroup>
				<RadioButtonGroup id="groupC">
					<RadioButton text="Wood"/>
				</RadioButtonGroup>
				<Label text="Select Quantity" wrapping="true"/>
				<VBox>
					<StepInput value="0" displayValuePrecision="{displayValuePrecision}" min="0" max="5" width="50%" step="1" largerStep="{largerStep}"
						stepMode="{stepMode}" valueState="{valueState}" enabled="{enabled}" editable="{editable}" description="{description}"
						fieldWidth="{fieldWidth}" textAlign="Center" validationMode="{validationMode}" change="onChange"/>
				</VBox>
				<Label text="Select Colour"></Label>
				<Select forceSelection="false" selectedKey="{/SelectedProduct}" width="50%">
					<core:Item key="product" text="White"/>
					<core:Item key="product" text="Brown"/>
					<core:Item key="product" text="Red"/>
				</Select>
			</f:content>
		</f:SimpleForm>
	</Dialog>
</core:FragmentDefinition>