[{
		"QID": "Q101",
		"customerName": "Johnson & Johnson ",
		"product": "Sofa",
		"Qty": "23",
		"createdDate": "12/04/2021",
		"price": "255",
		"status": "Draft",
		"stateStatus": "Warning",
		"collection": "Hudson",
		"CustomerName": "Toshiba Softwares",
		"EmailID": "toshiba@gmail.com",
		"phoneNo": "99876675566",
		"Items": [{
			"QID": 101,
			"Name": "Lounge Chairs",
			"ItemId": "MES125772",
			"currency": "",
			"src": "image/sofa-1.jpg",
			"Qty": "21",
			"fabricType": "Metal",
			"color": "Red",
			"price": "100",
			"TotalPrice": "2100",
			"SKU": "3393093"
		}, {
			"QID": 101,
			"Name": "Sofa",
			"ItemId": "MES125342",
			"currency": "",
			"src": "image/sofa-3.jpg",
			"Qty": "2",
			"fabricType": "Wood",
			"color": "Brown",
			"price": "21",
			"TotalPrice": "63",
			"SKU": "3223422"
		}]

	}, {
		"QID": "Q102",
		"customerName": "Indian Motors ",
		"product": "Table",
		"Qty": "3",
		"createdDate": "01/15/2022",
		"price": "456",
		"status": "Delivered",
		"stateStatus": "Success",
		"collection": "Hopper",
		"CustomerName": "Zebronica Solutions",
		"EmailID": "zebronics@gmail.com",
		"phoneNo": "8618901782",
		"Items": [{
			"QID": 102,
			"Name": "Lounge Chairs",
			"ItemId": "MES2245772",
			"currency": "image/sofa-3p-chester-danao-420x236.jpg",
			"src": "image/sofa-3.jpg",
			"SKU": "M3383393",
			"Qty": "1",
			"fabricType": "Metal",
			"color": "Red",
			"price": "78",
			"TotalPrice": "78",
			"SKU": "33933293"
		}, {
			"QID": 102,
			"Name": "Sofa",
			"ItemId": "ME4554342",
			"currency": "",
			"src": "image/sofa-2.jpg",
			"SKU": "M0919191",
			"Qty": "2",
			"fabricType": "Wood",
			"color": "Brown",
			"price": "80",
			"TotalPrice": "160",
			"SKU": "3223422"
		}]

	}, {
		"QID": "Q103",
		"customerName": "HR Technologies  ",
		"product": "Lounge Chairs",
		"Qty": "25",
		"createdDate": "01/21/2022",
		"price": "160",
		"status": "Delivered",
		"SKU": "M9498494",
		"stateStatus": "Success",
		"collection": "Chester",
		"CustomerName": "RM Ware Solutions",
		"EmailID": "rmwaresolutions@gmail.com",
		"phoneNo": "3673873839",
		"Items": [{
			"QID": 103,
			"Name": "Lounge Chairs",
			"ItemId": "MES125772",
			"currency": "",
			"SKU": "M8949044",
			"src": "https://www.danaoliving.com/wp-content/uploads/lounge-chair-hudson-thumb-420x236.jpg",
			"Qty": "21",
			"fabricType": "Metal",
			"color": "Red",
			"price": "10",
			"TotalPrice": "210",
			"SKU": "3393093"
		}, {
			"QID": 103,
			"Name": "Sofa",
			"ItemId": "MES333342",
			"currency": "",
			"src": "image/sofa-1.jpg",
			"SKU": "M3444444",
			"Qty": "4",
			"fabricType": "Wood",
			"color": "Brown",
			"price": "60",
			"TotalPrice": "240",
			"SKU": "72829202"
		}]
	}

]