{
	"data": [{
		"id": 1,
		"provider": "local",
		"confirmed": true,
		"blocked": false,
		"firstName": "Dinesh",
		"lastName": "Kumar",
		"company": "google",
		"phone": "1122112211",
		"status": "PENDING",
		"email": "dinesh123@gmail.com",
		"isAdmin": false,
		"discount": 20,
		"approved_by": null,
		"createdAt": "2022-03-22T17:10:16.817Z",
		"updatedAt": "2022-03-22T17:10:16.817Z"
	}, {
		"id": 2,
		"provider": "local",
		"confirmed": true,
		"blocked": false,
		"firstName": "Nithin",
		"lastName": "SJ",
		"company": "DANAO",
		"phone": "9874561233",
		"status": "APPROVED",
		"email": "nithin@vaspp.com",
		"isAdmin": false,
		"discount": 20,
		"approved_by": 2,
		"createdAt": "2022-03-22T17:20:56.769Z",
		"updatedAt": "2022-05-24T13:50:34.423Z"
	}, {
		"id": 3,
		"provider": "local",
		"confirmed": true,
		"blocked": false,
		"firstName": "Muthu",
		"lastName": "DPK",
		"company": "Krutibimb",
		"phone": "11221122",
		"status": "PENDING",
		"email": "muthudpk@gmail.com",
		"isAdmin": false,
		"discount": 20,
		"approved_by": null,
		"createdAt": "2022-03-24T10:59:53.182Z",
		"updatedAt": "2022-03-24T10:59:53.182Z"
	}, {
		"id": 4,
		"provider": "local",
		"confirmed": true,
		"blocked": false,
		"firstName": "SomeFName",
		"lastName": "SomeLName",
		"company": "ABC Company",
		"phone": "123456789",
		"status": "PENDING",
		"email": "some@email.com",
		"isAdmin": false,
		"discount": 20,
		"approved_by": null,
		"createdAt": "2022-03-24T20:32:00.365Z",
		"updatedAt": "2022-03-24T20:32:00.365Z"
	}, {
		"id": 5,
		"provider": "local",
		"confirmed": true,
		"blocked": false,
		"firstName": "Administrator",
		"lastName": "Admin",
		"company": "Danao",
		"phone": "123456789",
		"status": "APPROVED",
		"email": "admin@danaoliving.com",
		"isAdmin": true,
		"discount": 55,
		"approved_by": 5,
		"createdAt": "2022-03-31T15:42:52.805Z",
		"updatedAt": "2022-03-31T16:23:11.392Z"
	}, {
		"id": 6,
		"provider": "local",
		"confirmed": true,
		"blocked": false,
		"firstName": "John",
		"lastName": "Doe",
		"company": "John's company",
		"phone": "123456789",
		"status": "APPROVED",
		"email": "johndoe@john.com",
		"isAdmin": false,
		"discount": 55,
		"approved_by": 5,
		"createdAt": "2022-03-31T17:23:01.720Z",
		"updatedAt": "2022-03-31T17:24:10.983Z"
	}, {
		"id": 7,
		"provider": "local",
		"confirmed": true,
		"blocked": false,
		"firstName": "FirstN",
		"lastName": "LastN",
		"company": "Company Name",
		"phone": "1234567890",
		"status": "PENDING",
		"email": "email@address.com",
		"isAdmin": false,
		"discount": 55,
		"approved_by": null,
		"createdAt": "2022-04-19T10:39:09.065Z",
		"updatedAt": "2022-04-19T10:39:09.065Z"
	}, {
		"id": 8,
		"provider": "local",
		"confirmed": true,
		"blocked": false,
		"firstName": "dino",
		"lastName": "thunder",
		"company": "jetix",
		"phone": "12345678900",
		"status": "PENDING",
		"email": "dino@gmail.com",
		"isAdmin": false,
		"discount": 55,
		"approved_by": null,
		"createdAt": "2022-04-20T16:28:04.585Z",
		"updatedAt": "2022-04-20T16:28:04.585Z"
	}, {
		"id": 9,
		"provider": "local",
		"confirmed": true,
		"blocked": false,
		"firstName": "test",
		"lastName": "test",
		"company": "asdf",
		"phone": "23423423423",
		"status": "PENDING",
		"email": "test@gmail.com",
		"isAdmin": false,
		"discount": 55,
		"approved_by": null,
		"createdAt": "2022-04-20T16:29:49.988Z",
		"updatedAt": "2022-04-20T16:29:49.988Z"
	}, {
		"id": 10,
		"provider": "local",
		"confirmed": true,
		"blocked": false,
		"firstName": "priya",
		"lastName": "k",
		"company": "tesla",
		"phone": "34535234523",
		"status": "PENDING",
		"email": "priya@k.com",
		"isAdmin": false,
		"discount": 25,
		"approved_by": null,
		"createdAt": "2022-04-20T16:38:35.406Z",
		"updatedAt": "2022-04-20T16:38:35.406Z"
	}, {
		"id": 11,
		"provider": "local",
		"confirmed": true,
		"blocked": false,
		"firstName": "priya",
		"lastName": "varanasi",
		"company": "tesla",
		"phone": "34535234523",
		"status": "PENDING",
		"email": "priya@gmail.com",
		"isAdmin": false,
		"discount": 25,
		"approved_by": null,
		"createdAt": "2022-04-20T16:40:16.397Z",
		"updatedAt": "2022-04-20T16:40:16.397Z"
	}, {
		"id": 12,
		"provider": "local",
		"confirmed": true,
		"blocked": false,
		"firstName": "priya1",
		"lastName": "varanasi",
		"company": "tesla",
		"phone": "34535234523",
		"status": "PENDING",
		"email": "priya1@gmail.com",
		"isAdmin": false,
		"discount": 25,
		"approved_by": null,
		"createdAt": "2022-04-20T16:51:35.602Z",
		"updatedAt": "2022-04-20T16:51:35.602Z"
	}, {
		"id": 13,
		"provider": "local",
		"confirmed": true,
		"blocked": false,
		"firstName": "priya2",
		"lastName": "priya",
		"company": "test",
		"phone": "23423433444",
		"status": "PENDING",
		"email": "priya2@gmail.com",
		"isAdmin": false,
		"discount": 55,
		"approved_by": null,
		"createdAt": "2022-04-20T16:55:51.366Z",
		"updatedAt": "2022-04-20T16:55:51.366Z"
	}, {
		"id": 14,
		"provider": "local",
		"confirmed": true,
		"blocked": false,
		"firstName": "priya3",
		"lastName": "priya",
		"company": "test",
		"phone": "23423433444",
		"status": "REJECTED",
		"email": "priya3@gmail.com",
		"isAdmin": false,
		"discount": 55,
		"approved_by": 1,
		"createdAt": "2022-04-20T16:57:16.132Z",
		"updatedAt": "2022-04-20T17:12:01.157Z"
	}, {
		"id": 15,
		"provider": "local",
		"confirmed": true,
		"blocked": false,
		"firstName": "Shivu",
		"lastName": "kumar",
		"company": "google",
		"phone": "9980033064",
		"status": "PENDING",
		"email": "shivu123@gmail.com",
		"isAdmin": false,
		"discount": 55,
		"approved_by": null,
		"createdAt": "2022-04-22T15:34:43.068Z",
		"updatedAt": "2022-04-22T15:34:43.068Z"
	}, {
		"id": 16,
		"provider": "local",
		"confirmed": true,
		"blocked": false,
		"firstName": "Satish123",
		"lastName": "Kumar",
		"company": "google",
		"phone": "9980033064",
		"status": "PENDING",
		"email": "satish123@gmail.com",
		"isAdmin": false,
		"discount": 25,
		"approved_by": null,
		"createdAt": "2022-04-29T16:39:56.136Z",
		"updatedAt": "2022-04-29T16:39:56.136Z"
	}, {
		"id": 17,
		"provider": "local",
		"confirmed": true,
		"blocked": false,
		"firstName": "Danao",
		"lastName": "Admin",
		"company": "Danao",
		"phone": "1234567890",
		"status": "PENDING",
		"email": "info@danaoliving.com",
		"isAdmin": false,
		"discount": 55,
		"approved_by": null,
		"createdAt": "2022-04-29T17:35:59.591Z",
		"updatedAt": "2022-04-29T17:35:59.591Z"
	}]
}